{
    "accel_to_decel_enable": "0",
    "bottom_shell_layers": "5",
    "bridge_speed": "80",
    "brim_type": "no_brim",
    "from": "User",
    "inherits": "0.20mm Standard @Voron",
    "initial_layer_acceleration": "3000",
    "initial_layer_infill_speed": "150",
    "initial_layer_speed": "100",
    "internal_bridge_speed": "120",
    "is_custom_defined": "0",
    "name": "0.2 Voron Spec (V2.4)",
    "overhang_1_4_speed": "100",
    "overhang_2_4_speed": "120",
    "overhang_3_4_speed": "150",
    "overhang_4_4_speed": "150",
    "precise_outer_wall": "1",
    "precise_z_height": "1",
    "print_settings_id": "0.2 Voron Spec (V2.4)",
    "sparse_infill_density": "40%",
    "sparse_infill_pattern": "gyroid",
    "top_shell_layers": "5",
    "version": "2.3.0.3",
    "wall_loops": "4"
}
