{
    "accel_to_decel_enable": "0",
    "bridge_acceleration": "10000",
    "bridge_speed": "80",
    "brim_type": "no_brim",
    "default_acceleration": "10000",
    "enable_overhang_speed": "0",
    "from": "User",
    "gap_infill_speed": "200",
    "infill_combination": "1",
    "inherits": "0.20mm Standard @Voron",
    "initial_layer_acceleration": "5000",
    "initial_layer_infill_speed": "150",
    "initial_layer_print_height": "0.25",
    "initial_layer_speed": "100",
    "inner_wall_acceleration": "10000",
    "inner_wall_line_width": "0.5",
    "internal_bridge_speed": "120",
    "internal_solid_infill_acceleration": "10000",
    "internal_solid_infill_line_width": "0.5",
    "is_custom_defined": "0",
    "layer_height": "0.25",
    "line_width": "0.5",
    "name": "0.25 SpeedBenchyRules",
    "outer_wall_acceleration": "10000",
    "outer_wall_line_width": "0.5",
    "outer_wall_speed": "200",
    "overhang_1_4_speed": "100",
    "overhang_2_4_speed": "120",
    "overhang_3_4_speed": "150",
    "overhang_4_4_speed": "150",
    "print_settings_id": "0.25 SpeedBenchyRules",
    "sparse_infill_acceleration": "10000",
    "sparse_infill_density": "10%",
    "sparse_infill_line_width": "0.5",
    "sparse_infill_pattern": "alignedrectilinear",
    "top_shell_layers": "3",
    "top_surface_acceleration": "5000",
    "top_surface_line_width": "0.5",
    "top_surface_speed": "200",
    "travel_acceleration": "10000",
    "version": "2.3.0.3",
    "wall_loops": "2"
}
